"Package","Version","Archive","Bytes","SHA256"
"mingw-w64-clang-x86_64-brotli","1.2.0-1","mingw-w64-clang-x86_64-brotli-1.2.0-1-any.pkg.tar.zst","469729","29BFBB9783EC5B86B6A51BACBD47708F75E854A3E05B0850360DCF6E901A485D"
"mingw-w64-clang-x86_64-bzip2","1.0.8-4","mingw-w64-clang-x86_64-bzip2-1.0.8-4-any.pkg.tar.zst","100308","BEE14F4D52C1D58B59A17EB8953F1F4361689798D15709966A3D35EF7CE52DCF"
"mingw-w64-clang-x86_64-crt","14.0.0.r426.g4564ee4b5-1","mingw-w64-clang-x86_64-crt-14.0.0.r426.g4564ee4b5-1-any.pkg.tar.zst","3031501","9B548E032108FAEEE31A2D8FFA9336DB12ED2CDE48E7D74919CFEE54F5D8E6B4"
"mingw-w64-clang-x86_64-expat","2.8.5-1","mingw-w64-clang-x86_64-expat-2.8.5-1-any.pkg.tar.zst","189447","913F869DC06BAB0E6F2DEC28005569C939201D41205ACA55EB7A25FC1A2CB34A"
"mingw-w64-clang-x86_64-fontconfig","2.18.3-1","mingw-w64-clang-x86_64-fontconfig-2.18.3-1-any.pkg.tar.zst","310369","CC73526E86356510DDD51B41297364FA8A6F82A4EA65B01E110FCFF1FA952507"
"mingw-w64-clang-x86_64-freetype","2.14.3-1","mingw-w64-clang-x86_64-freetype-2.14.3-1-any.pkg.tar.zst","649553","A5B7B61384B02A5C385F92A89AB5324C1BE3D97532559C2CA9EF02F7CFD72EBA"
"mingw-w64-clang-x86_64-fribidi","1.0.17-1","mingw-w64-clang-x86_64-fribidi-1.0.17-1-any.pkg.tar.zst","85536","E019B8BE7B6852443252A32EB275F4ABEE5D595108669967496A7E5BCE03F8A4"
"mingw-w64-clang-x86_64-gettext-runtime","1.0-1","mingw-w64-clang-x86_64-gettext-runtime-1.0-1-any.pkg.tar.zst","424222","6F22A64727816C9D9C8289BAC9493A3C50691DA678DE22489D0545114568BB90"
"mingw-w64-clang-x86_64-glib2","2.90.0-1","mingw-w64-clang-x86_64-glib2-2.90.0-1-any.pkg.tar.zst","5403888","2197D1D32439F3ABA972E5E4C465BD83BA8D62287121E53485A6D5773D94B76A"
"mingw-w64-clang-x86_64-graphite2","1.3.15-1","mingw-w64-clang-x86_64-graphite2-1.3.15-1-any.pkg.tar.zst","142767","1933E839670E5C94084C2F7EC7A9C1A6C47C3CAC5992A610D2DD2AF0A006AD3E"
"mingw-w64-clang-x86_64-harfbuzz","14.5.0-1","mingw-w64-clang-x86_64-harfbuzz-14.5.0-1-any.pkg.tar.zst","2093233","948DC62C03A2DC9F3BF3B157F3A821CF41FDFC1E39FEDE1F0A93B79F577D2F39"
"mingw-w64-clang-x86_64-lcms2","2.19.1-1","mingw-w64-clang-x86_64-lcms2-2.19.1-1-any.pkg.tar.zst","406102","9C7BF46BDEDC1B5BEF6B235E4BB513596AFD81CE5F696634C10D0C4485BFCB1F"
"mingw-w64-clang-x86_64-libass","0.17.5-1","mingw-w64-clang-x86_64-libass-0.17.5-1-any.pkg.tar.zst","216522","1ECB22B1DB0E2A58E6BA4F19A846BA812ACCBABF1493B67DEB74C9AC3DB18053"
"mingw-w64-clang-x86_64-libc++","22.1.8-1","mingw-w64-clang-x86_64-libc++-22.1.8-1-any.pkg.tar.zst","1939106","DE0BD1B9D62F81B6AC06EA915AF8DA3FBD63E6705E1BB62EF3F553D1E5FBE4EF"
"mingw-w64-clang-x86_64-libdovi","3.4.0-1","mingw-w64-clang-x86_64-libdovi-3.4.0-1-any.pkg.tar.zst","2466788","EE12D3507CB418ED4292DCCEB12DAF69788AEA498918F26A0AD72927E4A90962"
"mingw-w64-clang-x86_64-libiconv","1.19-1","mingw-w64-clang-x86_64-libiconv-1.19-1-any.pkg.tar.zst","736821","26C4AC9F2023EECDFFFB291CAB40C60585A0CD0F72539CA03C5558F3ECD309EC"
"mingw-w64-clang-x86_64-libplacebo","7.360.1-2","mingw-w64-clang-x86_64-libplacebo-7.360.1-2-any.pkg.tar.zst","799795","3CF94FD4B702343D332EF970E5DDFD7B7D00DA2A1B2E76CD38021281AC92048C"
"mingw-w64-clang-x86_64-libpng","1.6.58-1","mingw-w64-clang-x86_64-libpng-1.6.58-1-any.pkg.tar.zst","421745","1615A71070182DB4864A0F44C949832ED3954BA7C63A780223049B6D8FE5D213"
"mingw-w64-clang-x86_64-libunibreak","7.0-1","mingw-w64-clang-x86_64-libunibreak-7.0-1-any.pkg.tar.zst","39681","910376AD7AA4C89A5EC637373394A4DED936B41066890A9708B38F01697CB861"
"mingw-w64-clang-x86_64-libunwind","22.1.8-1","mingw-w64-clang-x86_64-libunwind-22.1.8-1-any.pkg.tar.zst","64949","1427583AB43306045B06DF71E4A31686D5848BDDABBA628EA1B8068F38DBD5FD"
"mingw-w64-clang-x86_64-pcre2","10.48-3","mingw-w64-clang-x86_64-pcre2-10.48-3-any.pkg.tar.zst","1463080","5E35F50262C239B93C642212665B0D6C69E36460BCC729AE49AEB1B88A9FCAA7"
"mingw-w64-clang-x86_64-shaderc","2026.3-1","mingw-w64-clang-x86_64-shaderc-2026.3-1-any.pkg.tar.zst","2938002","5586A028CD453C3251116EC6248814900632FD1541B626C0D597C4907B64A08B"
"mingw-w64-clang-x86_64-spirv-cross","1~1.4.357.0-1","mingw-w64-clang-x86_64-spirv-cross-1~1.4.357.0-1-any.pkg.tar.zst","2132468","D8B1495FB9816E497CD8420D8ADB7244128518881A3AC20CE3AC93622EE23D2D"
"mingw-w64-clang-x86_64-vulkan-loader","1~1.4.357.0-1","mingw-w64-clang-x86_64-vulkan-loader-1~1.4.357.0-1-any.pkg.tar.zst","206792","1C148C8C4822A206AF1C7B497609C336EB7B8707243C4C6908906655820A5E01"
"mingw-w64-clang-x86_64-zlib","1.3.2-2","mingw-w64-clang-x86_64-zlib-1.3.2-2-any.pkg.tar.zst","111651","96D8DB2F2BF24C0D4E82B899D50A3497D97536A8BD38CE275401D0F2B9580B5E"
