PkgBase,Source,LocalName,ExpectedSHA256,ActualSHA256,Status
mingw-w64-brotli,https://github.com/google/brotli/archive/v1.2.0/brotli-1.2.0.tar.gz,brotli-1.2.0.tar.gz,816c96e8e8f193b40151dad7e8ff37b1221d019dbcb9c35cd3fadbfe6477dfec,816c96e8e8f193b40151dad7e8ff37b1221d019dbcb9c35cd3fadbfe6477dfec,ok
mingw-w64-bzip2,https://sourceware.org/pub/bzip2/bzip2-1.0.8.tar.gz,bzip2-1.0.8.tar.gz,ab5a03176ee106d3f0fa90e381da478ddae405918153cca248e682cd0c4a2269,ab5a03176ee106d3f0fa90e381da478ddae405918153cca248e682cd0c4a2269,ok
mingw-w64-bzip2,bzip2-cygming-1.0.6.src.all.patch,bzip2-cygming-1.0.6.src.all.patch,7e67f77172b19f3e6c1f0875b1d3e9cb79211f8e1c752794ef9afd3704f928cf,7e67f77172b19f3e6c1f0875b1d3e9cb79211f8e1c752794ef9afd3704f928cf,ok
mingw-w64-bzip2,bzip2-buildsystem.all.patch,bzip2-buildsystem.all.patch,e519a50a4adaf05b18650d3e9d644badc66e80ca86063681ffe9a2c2226319d0,e519a50a4adaf05b18650d3e9d644badc66e80ca86063681ffe9a2c2226319d0,ok
mingw-w64-bzip2,bzip2-1.0.6-progress.all.patch,bzip2-1.0.6-progress.all.patch,f93e6b50082a8e880ee8436c7ec6a65a8f01e9282436af77f95bb259b1c7f7f7,f93e6b50082a8e880ee8436c7ec6a65a8f01e9282436af77f95bb259b1c7f7f7,ok
mingw-w64-crt,mingw-w64::git+https://git.code.sf.net/p/mingw-w64/mingw-w64#commit=4564ee4b5063097bf747af3a3f8270a28adff820,mingw-w64,6d5e5e4c55ec1b28a36768bf8fa64658724ce2e0d0cc95a069faeddf59dd6599,,git-bundle-present
mingw-w64-expat,https://github.com/libexpat/libexpat/releases/download/R_2_8_5/expat-2.8.5.tar.xz,expat-2.8.5.tar.xz,1e727b8933ec51a77a9a9d9afcf8e688bce45d907c13e36ab7393fe36e703182,1e727b8933ec51a77a9a9d9afcf8e688bce45d907c13e36ab7393fe36e703182,ok
mingw-w64-expat,https://github.com/libexpat/libexpat/releases/download/R_2_8_5/expat-2.8.5.tar.xz.asc,expat-2.8.5.tar.xz.asc,SKIP,1e2c62404f1fc78afee0addad1ab200396e8948c88a0841609e3440889518d21,skip-hash
mingw-w64-fontconfig,https://gitlab.freedesktop.org/fontconfig/fontconfig/-/archive/2.18.3/fontconfig-2.18.3.tar.gz,fontconfig-2.18.3.tar.gz,9ae01e1d53acdef56010c5451cd34aa41d325b2faccd8606448d8fa01b2496b3,9ae01e1d53acdef56010c5451cd34aa41d325b2faccd8606448d8fa01b2496b3,ok
mingw-w64-fontconfig,0011-conf-copy-instead-of-symlink.patch,0011-conf-copy-instead-of-symlink.patch,73ed74a1f4624466084d219e2fbc0d5780da9f63763f1307629251e58cccf2cd,73ed74a1f4624466084d219e2fbc0d5780da9f63763f1307629251e58cccf2cd,ok
mingw-w64-fontconfig,0012-conf-copy-drive-relative.patch,0012-conf-copy-drive-relative.patch,bb754488fbe89158eb756823757a612bdc26c1fdf0389316dc495caf027e4763,bb754488fbe89158eb756823757a612bdc26c1fdf0389316dc495caf027e4763,ok
mingw-w64-fontconfig,fontconfig.hook.in,fontconfig.hook.in,ad4ce48983045d7f39b40ca9e04d4be2eaa9177b89dcc516388d779c131a88bc,ad4ce48983045d7f39b40ca9e04d4be2eaa9177b89dcc516388d779c131a88bc,ok
mingw-w64-freetype,https://download-mirror.savannah.gnu.org/releases/freetype/freetype-2.14.3.tar.xz,freetype-2.14.3.tar.xz,36bc4f1cc413335368ee656c42afca65c5a3987e8768cc28cf11ba775e785a5f,36bc4f1cc413335368ee656c42afca65c5a3987e8768cc28cf11ba775e785a5f,ok
mingw-w64-freetype,https://download-mirror.savannah.gnu.org/releases/freetype/freetype-2.14.3.tar.xz.sig,freetype-2.14.3.tar.xz.sig,SKIP,9bc9f852c4ec9d037a6e92c022e0b020a00dfd9644c644c12c6d4352792f46a3,skip-hash
mingw-w64-freetype,freetype-2.10.0-enable-valid.patch,freetype-2.10.0-enable-valid.patch,30e84993f899b66c31451992667f7ac6cc9e0b19dfe2f47ccb546d77bbc77ef5,30e84993f899b66c31451992667f7ac6cc9e0b19dfe2f47ccb546d77bbc77ef5,ok
mingw-w64-freetype,freetype-2.10.0-enable-spr.patch,freetype-2.10.0-enable-spr.patch,0571f18d97834df020e4cbdb1338b14f9160669f868237080951e01f5b86727c,0571f18d97834df020e4cbdb1338b14f9160669f868237080951e01f5b86727c,ok
mingw-w64-fribidi,https://github.com/fribidi/fribidi/releases/download/v1.0.17/fribidi-1.0.17.tar.xz,fribidi-1.0.17.tar.xz,6949dcde27d41cebad1fd741fcafc36d55a1020d2d872d4a6eb3914caabbada2,6949dcde27d41cebad1fd741fcafc36d55a1020d2d872d4a6eb3914caabbada2,ok
mingw-w64-gettext,https://ftp.gnu.org/pub/gnu/gettext/gettext-1.0.tar.lz,gettext-1.0.tar.lz,d6342cbe1411a2fe7d139bfed80c2d63b1babc92acfedc72501cc105184f61ee,d6342cbe1411a2fe7d139bfed80c2d63b1babc92acfedc72501cc105184f61ee,ok
mingw-w64-gettext,https://ftp.gnu.org/pub/gnu/gettext/gettext-1.0.tar.lz.sig,gettext-1.0.tar.lz.sig,SKIP,39fae6a06678f1d34f0ad8ccb670435b48af3b062cf8f0b50d39159ac3d1c0b1,skip-hash
mingw-w64-gettext,0005-Fix-compilation-of-pthread_sigmask.c.patch,0005-Fix-compilation-of-pthread_sigmask.c.patch,cbc2f533012d646521afa20f8b256917fce040741ff42cf53fb6dd7123a6670a,cbc2f533012d646521afa20f8b256917fce040741ff42cf53fb6dd7123a6670a,ok
mingw-w64-gettext,122-Use-LF-as-newline-in-envsubst.patch,122-Use-LF-as-newline-in-envsubst.patch,ec39103d851262c02c27b7038f3c538e03afaefc6aa050311d62519d192ff38c,ec39103d851262c02c27b7038f3c538e03afaefc6aa050311d62519d192ff38c,ok
mingw-w64-gettext,0021-replace-fsync.patch,0021-replace-fsync.patch,380dbddee2f9e2feee4c1435e8a942b5d11d0125e60c3350ebb10c19b19011aa,380dbddee2f9e2feee4c1435e8a942b5d11d0125e60c3350ebb10c19b19011aa,ok
mingw-w64-gettext,0022-libasprintf.patch,0022-libasprintf.patch,c354f6a7021069c99b90f1c6d6f6a4ccf40a01e9f6742b866df2b5a7286cb868,c354f6a7021069c99b90f1c6d6f6a4ccf40a01e9f6742b866df2b5a7286cb868,ok
mingw-w64-gettext,0024-disable-gnu-format.patch,0024-disable-gnu-format.patch,ce7ccf6dd3a492cab322253cd67310899b546eccc25821c25cbc047a1a984633,ce7ccf6dd3a492cab322253cd67310899b546eccc25821c25cbc047a1a984633,ok
mingw-w64-gettext,0030-fix-build-with-mingw-w64-clang.patch,0030-fix-build-with-mingw-w64-clang.patch,9b1b4f0c65b3bc1a3103c921a02c203cecf533d145f0bd90023406e760f81749,9b1b4f0c65b3bc1a3103c921a02c203cecf533d145f0bd90023406e760f81749,ok
mingw-w64-glib2,https://download.gnome.org/sources/glib/2.90/glib-2.90.0.tar.xz,glib-2.90.0.tar.xz,17d15cac2af80a33271127408e0abc2748eb297c595c2a26409e81e14e7d1b8f,17d15cac2af80a33271127408e0abc2748eb297c595c2a26409e81e14e7d1b8f,ok
mingw-w64-glib2,https://gitlab.gnome.org/GNOME/glib/-/commit/7e69f88480a4bf8d9653efd0310c4c25390a0c8b.patch,7e69f88480a4bf8d9653efd0310c4c25390a0c8b.patch,4902e5748c6954ed38f690f27954db96709e705ff83bbdb4ebf7392a21f65824,4902e5748c6954ed38f690f27954db96709e705ff83bbdb4ebf7392a21f65824,ok
mingw-w64-glib2,0002-disable_glib_compile_schemas_warning.patch,0002-disable_glib_compile_schemas_warning.patch,396c25cfd740ffbb72209133c7b9453173167577265a4bb14502678de8d5a8f9,396c25cfd740ffbb72209133c7b9453173167577265a4bb14502678de8d5a8f9,ok
mingw-w64-glib2,0004-disable-explicit-ms-bitfields.patch,0004-disable-explicit-ms-bitfields.patch,48e94a9e61f8db9a2dc66556f12c725efe5e247a9ddc5b491f8cb8310a387293,48e94a9e61f8db9a2dc66556f12c725efe5e247a9ddc5b491f8cb8310a387293,ok
mingw-w64-glib2,glib-compile-schemas.hook.in,glib-compile-schemas.hook.in,0c3d54636407e0e13429b73959cace626253cd772e1d4870de0fb92b0b99545a,0c3d54636407e0e13429b73959cace626253cd772e1d4870de0fb92b0b99545a,ok
mingw-w64-glib2,gio-querymodules.hook.in,gio-querymodules.hook.in,f18d27d98709dba8c5f9756672baaf0158fb4353c9edbdc2e80021f88ff34ced,f18d27d98709dba8c5f9756672baaf0158fb4353c9edbdc2e80021f88ff34ced,ok
mingw-w64-glib2,pyscript2exe.py,pyscript2exe.py,3c65bc3dd7337877e14b19bc7c42918bde664a11a860cfc0b9db891f8a1052db,3c65bc3dd7337877e14b19bc7c42918bde664a11a860cfc0b9db891f8a1052db,ok
mingw-w64-graphite2,https://github.com/silnrsi/graphite/releases/download/1.3.15/graphite2-1.3.15.tgz,graphite2-1.3.15.tgz,c6bc8b4252724665297f7cad0c55897285c673f9b8e6db3522ace833593fe0b1,c6bc8b4252724665297f7cad0c55897285c673f9b8e6db3522ace833593fe0b1,ok
mingw-w64-graphite2,001-graphite2-1.3.12-win64.patch,001-graphite2-1.3.12-win64.patch,a77a3e21099454b0732da2ec37067c871c267e9443a9c6c56ca44245e6a64c4f,a77a3e21099454b0732da2ec37067c871c267e9443a9c6c56ca44245e6a64c4f,ok
mingw-w64-graphite2,002-graphite2-1.2.1-pkgconfig.patch,002-graphite2-1.2.1-pkgconfig.patch,5ca68f1d7418c5d159c3eebb9f1ad31e71ebfe3b9492d3fe78db360bcf626ffe,5ca68f1d7418c5d159c3eebb9f1ad31e71ebfe3b9492d3fe78db360bcf626ffe,ok
mingw-w64-graphite2,003-graphite2-1.3.12-staticbuild.patch,003-graphite2-1.3.12-staticbuild.patch,7cfc9f8bcb786b89713cfd043bc471ef61441360fa6b45b5fc2e93cd69e79e93,7cfc9f8bcb786b89713cfd043bc471ef61441360fa6b45b5fc2e93cd69e79e93,ok
mingw-w64-graphite2,004-graphite2-1.3.12-dllimport-fix.patch,004-graphite2-1.3.12-dllimport-fix.patch,cc33eab2ac0e335963d678ce7af15ccfef4cbc94e6722ffeb99b200f14a5003d,cc33eab2ac0e335963d678ce7af15ccfef4cbc94e6722ffeb99b200f14a5003d,ok
mingw-w64-graphite2,005-remove-unknown-dep.patch,005-remove-unknown-dep.patch,026e1bf900610d4f01d9f191aa75dfc9e0398737653589f1b42f41659d21a828,026e1bf900610d4f01d9f191aa75dfc9e0398737653589f1b42f41659d21a828,ok
mingw-w64-harfbuzz,https://github.com/harfbuzz/harfbuzz/releases/download/14.5.0/harfbuzz-14.5.0.tar.xz,harfbuzz-14.5.0.tar.xz,b7132e148358a45185c9feafd049dbaf243649d3c44414b3534d9c95d18592b9,b7132e148358a45185c9feafd049dbaf243649d3c44414b3534d9c95d18592b9,ok
mingw-w64-harfbuzz,001-fix-build-with-chafa.patch,001-fix-build-with-chafa.patch,26b37a1ca9872973905ecb96bcbe3f054472252320956faa74428206900d360e,26b37a1ca9872973905ecb96bcbe3f054472252320956faa74428206900d360e,ok
mingw-w64-harfbuzz,002-make-library-type-in-cmake-config-unknown.patch,002-make-library-type-in-cmake-config-unknown.patch,189dc3cb2f9a0fd07d6499cee3307985f68e6b9d28d581d15c365b33f2012552,189dc3cb2f9a0fd07d6499cee3307985f68e6b9d28d581d15c365b33f2012552,ok
mingw-w64-lcms2,https://github.com/mm2/Little-CMS/releases/download/lcms2.19.1/lcms2-2.19.1.tar.gz,lcms2-2.19.1.tar.gz,bfc54f7bab59fbc921012014a8032e4cba4abd46db47d46b76416a8c0b2815c8,bfc54f7bab59fbc921012014a8032e4cba4abd46db47d46b76416a8c0b2815c8,ok
mingw-w64-libass,https://github.com/libass/libass/releases/download/0.17.5/libass-0.17.5.tar.xz,libass-0.17.5.tar.xz,2dca25c0e0c837ddf00b52011b3f82cac1e4ddd3ad018227806b0c2288864acc,2dca25c0e0c837ddf00b52011b3f82cac1e4ddd3ad018227806b0c2288864acc,ok
mingw-w64-libc++,https://github.com/llvm/llvm-project/releases/download/llvmorg-22.1.8/llvm-project-22.1.8.src.tar.xz,llvm-project-22.1.8.src.tar.xz,922f1817a0df7b1489272d18134ee0087a8b068828f87ac63b9861b1a9965888,922f1817a0df7b1489272d18134ee0087a8b068828f87ac63b9861b1a9965888,ok
mingw-w64-libc++,https://github.com/llvm/llvm-project/releases/download/llvmorg-22.1.8/llvm-project-22.1.8.src.tar.xz.sig,llvm-project-22.1.8.src.tar.xz.sig,SKIP,052eeebd58a2df67db066c6defb3ae67572bdf098d3064b8ed111b5385d45910,skip-hash
mingw-w64-libdovi,https://github.com/quietvoid/dovi_tool/archive/libdovi-3.4.0.tar.gz,libdovi-3.4.0.tar.gz,8eac4d1c3134f53e8eb216db6450307a737425844113e480d1e9713c142a9fa2,8eac4d1c3134f53e8eb216db6450307a737425844113e480d1e9713c142a9fa2,ok
mingw-w64-libiconv,https://ftp.gnu.org/pub/gnu/libiconv/libiconv-1.19.tar.gz,libiconv-1.19.tar.gz,88dd96a8c0464eca144fc791ae60cd31cd8ee78321e67397e25fc095c4a19aa6,88dd96a8c0464eca144fc791ae60cd31cd8ee78321e67397e25fc095c4a19aa6,ok
mingw-w64-libiconv,https://ftp.gnu.org/pub/gnu/libiconv/libiconv-1.19.tar.gz.sig,libiconv-1.19.tar.gz.sig,SKIP,30374a9cf2846418fc34977eb2b92094c3edb76021d57de541699e2b5e32dc9b,skip-hash
mingw-w64-libiconv,0003-add-cp65001-as-utf8-alias.patch,0003-add-cp65001-as-utf8-alias.patch,cb2b1cca44c9b9bd11c3bd33997c10d22dff263542275324c88f34b59910ef87,cb2b1cca44c9b9bd11c3bd33997c10d22dff263542275324c88f34b59910ef87,ok
mingw-w64-libiconv,0002-fix-cr-for-awk-in-configure.all.patch,0002-fix-cr-for-awk-in-configure.all.patch,89d5c0f666e50a0186cfb142ba7b77e8fe1ac4d65bdfd9ae14ae8d2f0045a87c,89d5c0f666e50a0186cfb142ba7b77e8fe1ac4d65bdfd9ae14ae8d2f0045a87c,ok
mingw-w64-libiconv,fix-pointer-buf.patch,fix-pointer-buf.patch,6b6e2393840f4dc6067587165777b1a07978f4c05247d7c1010a45ad251bbeeb,6b6e2393840f4dc6067587165777b1a07978f4c05247d7c1010a45ad251bbeeb,ok
mingw-w64-libiconv,iconv.pc,iconv.pc,56e7ec406bf42eb66b1d972f20d229f7a76ba00c38c7b4403bf348875704baae,56e7ec406bf42eb66b1d972f20d229f7a76ba00c38c7b4403bf348875704baae,ok
mingw-w64-libplacebo,https://code.videolan.org/videolan/libplacebo/-/archive/v7.360.1/libplacebo-v7.360.1.tar.gz,libplacebo-v7.360.1.tar.gz,14c0a99f4b01557ec9826ce6b1d52f6de21be274ba03fd5aab7307f18766dc39,14c0a99f4b01557ec9826ce6b1d52f6de21be274ba03fd5aab7307f18766dc39,ok
mingw-w64-libplacebo,0001-add-cflags-private.patch,0001-add-cflags-private.patch,bda9bed8b8fff7e69fe750b6f2caafde67f63343d05698a81fb1f7b27ac4cca3,bda9bed8b8fff7e69fe750b6f2caafde67f63343d05698a81fb1f7b27ac4cca3,ok
mingw-w64-libpng,https://downloads.sourceforge.net/sourceforge/libpng/libpng-1.6.58.tar.xz,libpng-1.6.58.tar.xz,28eb403f51f0f7405249132cecfe82ea5c0ef97f1b32c5a65828814ae0d34775,28eb403f51f0f7405249132cecfe82ea5c0ef97f1b32c5a65828814ae0d34775,ok
mingw-w64-libpng,apng.patch,apng.patch,a9c117324291cda7558ab36bec4ba28a34013d76e1ceaf9953749791a9e154a8,a9c117324291cda7558ab36bec4ba28a34013d76e1ceaf9953749791a9e154a8,ok
mingw-w64-libunibreak,https://github.com/adah1972/libunibreak/archive/libunibreak_7_0/libunibreak-7.0.tar.gz,libunibreak-7.0.tar.gz,e4cb1a0d9aebb129c9856ec75e3d98e675997e385cce4e0106ef8f68e09afaa3,e4cb1a0d9aebb129c9856ec75e3d98e675997e385cce4e0106ef8f68e09afaa3,ok
mingw-w64-pcre2,https://github.com/PhilipHazel/pcre2/releases/download/pcre2-10.48/pcre2-10.48.tar.bz2,pcre2-10.48.tar.bz2,b6c68fdf6f3ac31388b50aa89ff0fc49c00c987c16e7b5146491d12003f2c8ed,b6c68fdf6f3ac31388b50aa89ff0fc49c00c987c16e7b5146491d12003f2c8ed,ok
mingw-w64-pcre2,https://github.com/PhilipHazel/pcre2/releases/download/pcre2-10.48/pcre2-10.48.tar.bz2.sig,pcre2-10.48.tar.bz2.sig,SKIP,ba8560d0094c68de74d114df3dfe886709a4525530b537a5938e23e32fbafec9,skip-hash
mingw-w64-pcre2,0001-pcre2test-wineditline.patch,0001-pcre2test-wineditline.patch,73400390211bfaf1ad7e5b900335bc48b50d9bd1aa5b864fa54a3e8f666d5eb9,73400390211bfaf1ad7e5b900335bc48b50d9bd1aa5b864fa54a3e8f666d5eb9,ok
mingw-w64-shaderc,https://github.com/google/shaderc/archive/v2026.3/shaderc-2026.3.tar.gz,shaderc-2026.3.tar.gz,ee493ccf1b3038b4ef2fe024664c5eb2dc4bcc1f6b05b33e3909de0e19c81024,ee493ccf1b3038b4ef2fe024664c5eb2dc4bcc1f6b05b33e3909de0e19c81024,ok
mingw-w64-shaderc,0001-fix-glslang-hlsl-linking-order.patch,0001-fix-glslang-hlsl-linking-order.patch,af880b221603e2b5c34dd306feeb4fa9af5803ebc841d64ab8e4be0e7455a6ba,af880b221603e2b5c34dd306feeb4fa9af5803ebc841d64ab8e4be0e7455a6ba,ok
mingw-w64-spirv-cross,https://github.com/KhronosGroup/SPIRV-Cross/archive/vulkan-sdk-1.4.357.0/spirv-cross-1.4.357.0.tar.gz,spirv-cross-1.4.357.0.tar.gz,97c910326afdd44d794ce8561326fa675fd1958b27142f03295403044d639639,97c910326afdd44d794ce8561326fa675fd1958b27142f03295403044d639639,ok
mingw-w64-vulkan-loader,https://github.com/KhronosGroup/Vulkan-Loader/archive/vulkan-sdk-1.4.357.0/Vulkan-Loader-1.4.357.0.tar.gz,Vulkan-Loader-1.4.357.0.tar.gz,54f2537df22313768da0317dda2abdaaab7711b4081c48c869a79db343d0ae70,54f2537df22313768da0317dda2abdaaab7711b4081c48c869a79db343d0ae70,ok
mingw-w64-vulkan-loader,001-fix-import-library-name.patch,001-fix-import-library-name.patch,3b4a05ba0d8df9cdde475fee056e8c67891ce1b02ff4ce37216beec5ae783d24,3b4a05ba0d8df9cdde475fee056e8c67891ce1b02ff4ce37216beec5ae783d24,ok
mingw-w64-zlib,https://github.com/madler/zlib/releases/download/v1.3.2/zlib-1.3.2.tar.xz,zlib-1.3.2.tar.xz,d7a0654783a4da529d1bb793b7ad9c3318020af77667bcae35f95d0e42a792f3,d7a0654783a4da529d1bb793b7ad9c3318020af77667bcae35f95d0e42a792f3,ok
mingw-w64-zlib,https://github.com/madler/zlib/releases/download/v1.3.2/zlib-1.3.2.tar.xz.asc,zlib-1.3.2.tar.xz.asc,SKIP,03ce710347e2f84fa7ed0a6ae6a93467b08031a3022fc296da40220a83b96667,skip-hash
mingw-w64-zlib,01-zlib-1.2.11-1-buildsys.mingw.patch,01-zlib-1.2.11-1-buildsys.mingw.patch,b58b353d976d6fdd9a5094e60fa39439d4f14e9bf8be4a8bd475f2cd47f10226,b58b353d976d6fdd9a5094e60fa39439d4f14e9bf8be4a8bd475f2cd47f10226,ok
mingw-w64-zlib,03-dont-put-sodir-into-L.mingw.patch,03-dont-put-sodir-into-L.mingw.patch,7287d12db57dcf0f66964c861100bf06ebe1ddcb243e7ee0773fcab1b2935596,7287d12db57dcf0f66964c861100bf06ebe1ddcb243e7ee0773fcab1b2935596,ok
mingw-w64-zlib,04-fix-largefile-support.patch,04-fix-largefile-support.patch,8e1cdf8edfc6ac08b0e660ca42a977942a88fab3ff59c01c87ba96500e2c3e63,8e1cdf8edfc6ac08b0e660ca42a977942a88fab3ff59c01c87ba96500e2c3e63,ok
mingw-w64-zlib,07-Add-no-undefined-to-link-to-enable-build-shared-vers.patch,07-Add-no-undefined-to-link-to-enable-build-shared-vers.patch,fb83292f494f649ea7f1835aa4abea61acc593d7f90625741d42cd99cac0e075,fb83292f494f649ea7f1835aa4abea61acc593d7f90625741d42cd99cac0e075,ok
mingw-w64-zlib,08-Add-bzip2-library-to-pkg-config-file.patch,08-Add-bzip2-library-to-pkg-config-file.patch,0be98a7e660e7c068856f08b9e92d6c73a6b0d88c3e29a9716140b147f7c23c5,0be98a7e660e7c068856f08b9e92d6c73a6b0d88c3e29a9716140b147f7c23c5,ok
mingw-w64-zlib,https://patch-diff.githubusercontent.com/raw/madler/zlib/pull/1165.patch,1165.patch,0774e1368851504115f732f66230ca4a8a9cd60d4ba014502f65cc19b0b4d8bc,0774e1368851504115f732f66230ca4a8a9cd60d4ba014502f65cc19b0b4d8bc,ok
mingw-w64-glslang,https://github.com/KhronosGroup/glslang/archive/16.3.0/glslang-16.3.0.tar.gz,glslang-16.3.0.tar.gz,efff5a15258dce1ca2d323bf64c974f5fca03778174615dbc30c8d36db645bf5,efff5a15258dce1ca2d323bf64c974f5fca03778174615dbc30c8d36db645bf5,ok
mingw-w64-glslang,002-remove-deprecated-mingw-secure-api.patch,002-remove-deprecated-mingw-secure-api.patch,c0a1b75449fa7ab6448b38b3d55bff1c150c2083894063cb95ad5b165bf79fe0,c0a1b75449fa7ab6448b38b3d55bff1c150c2083894063cb95ad5b165bf79fe0,ok
mingw-w64-spirv-tools,https://github.com/KhronosGroup/SPIRV-Tools/archive/vulkan-sdk-1.4.357.0/spirv-tools-1.4.357.0.tar.gz,spirv-tools-1.4.357.0.tar.gz,d31e7109b6ef3559067e53e520870eafed7c9534d00db9728814b6df03fa4a5e,d31e7109b6ef3559067e53e520870eafed7c9534d00db9728814b6df03fa4a5e,ok
mingw-w64-spirv-tools,002-Do-not-statically-link-to-the-C-runtime-with-mingw.patch,002-Do-not-statically-link-to-the-C-runtime-with-mingw.patch,ff63fc6e786e6b40b3ec5fa7356b671a391e3c29b7660dcc87d799de49754d2a,ff63fc6e786e6b40b3ec5fa7356b671a391e3c29b7660dcc87d799de49754d2a,ok
mingw-w64-spirv-headers,https://github.com/KhronosGroup/SPIRV-Headers/archive/vulkan-sdk-1.4.357.0/spirv-headers-1.4.357.0.tar.gz,spirv-headers-1.4.357.0.tar.gz,4d703067a7e06331ccb37bdfed3f9b7879cc61969a2689ae95c95db34a47ff07,4d703067a7e06331ccb37bdfed3f9b7879cc61969a2689ae95c95db34a47ff07,ok
mingw-w64-fast_float,https://github.com/fastfloat/fast_float/archive/v8.2.10/fast_float-8.2.10.tar.gz,fast_float-8.2.10.tar.gz,76f958dd97b1cf4d8862d1f0986a47d4bdfa8845252bae15ef0f40de3b95961f,76f958dd97b1cf4d8862d1f0986a47d4bdfa8845252bae15ef0f40de3b95961f,ok
mingw-w64-xxhash,https://github.com/Cyan4973/xxHash/archive/v0.8.3/xxhash-0.8.3.tar.gz,xxhash-0.8.3.tar.gz,aae608dfe8213dfd05d909a57718ef82f30722c392344583d3f39050c7f29a80,aae608dfe8213dfd05d909a57718ef82f30722c392344583d3f39050c7f29a80,ok
mingw-w64-vulkan-headers,https://github.com/KhronosGroup/Vulkan-Headers/archive/vulkan-sdk-1.4.350.1/Vulkan-Headers-1.4.350.1.tar.gz,Vulkan-Headers-1.4.350.1.tar.gz,6d1bb65e49520344cc0a48af3dc02e993781efff14c7ebdcb8ae9fa23ddf7e83,6d1bb65e49520344cc0a48af3dc02e993781efff14c7ebdcb8ae9fa23ddf7e83,ok
mingw-w64-python-glad,https://github.com/Dav1dde/glad/archive/v2.0.8/glad-2.0.8.tar.gz,glad-2.0.8.tar.gz,44f06f9195427c7017f5028d0894f57eb216b0a8f7c4eda7ce883732aeb2d0fc,44f06f9195427c7017f5028d0894f57eb216b0a8f7c4eda7ce883732aeb2d0fc,ok
