Crate,Version,Archive,Bytes,SHA256,URL
aho-corasick,1.1.4,aho-corasick-1.1.4.crate,184015,ddd31a130427c27518df266943a5308ed92d4b226cc639f5a8f1002816174301,https://static.crates.io/crates/aho-corasick/aho-corasick-1.1.4.crate
alloca,0.4.0,alloca-0.4.0.crate,4257,e5a7d05ea6aea7e9e64d25b9156ba2fee3fdd659e34e41063cd2fc7cd020d7f4,https://static.crates.io/crates/alloca/alloca-0.4.0.crate
anes,0.1.6,anes-0.1.6.crate,23857,4b46cbb362ab8752921c97e041f5e366ee6297bd428a31275b9fcf1e380f7299,https://static.crates.io/crates/anes/anes-0.1.6.crate
anstyle,1.0.14,anstyle-1.0.14.crate,17787,940b3a0ca603d1eade50a4846a2afffd5ef57a9feac2c0e2ec2e14f9ead76000,https://static.crates.io/crates/anstyle/anstyle-1.0.14.crate
anyhow,1.0.102,anyhow-1.0.102.crate,48658,7f202df86484c868dbad7eaa557ef785d5c66295e41b460ef922eca0723b842c,https://static.crates.io/crates/anyhow/anyhow-1.0.102.crate
autocfg,1.5.0,autocfg-1.5.0.crate,18729,c08606f8c3cbf4ce6ec8e28fb0014a2c086708fe954eaa885384a6165172e7e8,https://static.crates.io/crates/autocfg/autocfg-1.5.0.crate
bitstream-io,4.10.0,bitstream-io-4.10.0.crate,65364,7eff00be299a18769011411c9def0d827e8f2d7bf0c3dbf53633147a8867fd1f,https://static.crates.io/crates/bitstream-io/bitstream-io-4.10.0.crate
bitvec,1.0.1,bitvec-1.0.1.crate,224375,1bc2832c24239b0141d5674bb9174f9d68a8b5b3f2753311927c172ca46f7e9c,https://static.crates.io/crates/bitvec/bitvec-1.0.1.crate
bitvec_helpers,4.0.2,bitvec_helpers-4.0.2.crate,6328,52e5938870db620c26a8f329f5735aa3450cedd30f4a4bb98475b1b076d8edae,https://static.crates.io/crates/bitvec_helpers/bitvec_helpers-4.0.2.crate
bumpalo,3.20.2,bumpalo-3.20.2.crate,97696,5d20789868f4b01b2f2caec9f5c4e0213b41e3e5702a50157d699ae31ced2fcb,https://static.crates.io/crates/bumpalo/bumpalo-3.20.2.crate
cast,0.3.0,cast-0.3.0.crate,11452,37b2a672a2cb129a2e41c10b1224bb368f9f37a2b16b612598138befd7b37eb5,https://static.crates.io/crates/cast/cast-0.3.0.crate
cc,1.2.62,cc-1.2.62.crate,97212,a1dce859f0832a7d088c4f1119888ab94ef4b5d6795d1ce05afb7fe159d79f98,https://static.crates.io/crates/cc/cc-1.2.62.crate
cfg-if,1.0.4,cfg-if-1.0.4.crate,9360,9330f8b2ff13f34540b44e946ef35111825727b38d33286ef986142615121801,https://static.crates.io/crates/cfg-if/cfg-if-1.0.4.crate
ciborium,0.2.2,ciborium-0.2.2.crate,35611,42e69ffd6f0917f5c029256a24d0161db17cea3997d185db0d35926308770f0e,https://static.crates.io/crates/ciborium/ciborium-0.2.2.crate
ciborium-io,0.2.2,ciborium-io-0.2.2.crate,6697,05afea1e0a06c9be33d539b876f1ce3692f4afea2cb41f740e7743225ed1c757,https://static.crates.io/crates/ciborium-io/ciborium-io-0.2.2.crate
ciborium-ll,0.2.2,ciborium-ll-0.2.2.crate,14695,57663b653d948a338bfb3eeba9bb2fd5fcfaecb9e199e87e1eda4d9e8b240fd9,https://static.crates.io/crates/ciborium-ll/ciborium-ll-0.2.2.crate
clap,4.6.1,clap-4.6.1.crate,61836,1ddb117e43bbf7dacf0a4190fef4d345b9bad68dfc649cb349e7d17d28428e51,https://static.crates.io/crates/clap/clap-4.6.1.crate
clap_builder,4.6.0,clap_builder-4.6.0.crate,171122,714a53001bf66416adb0e2ef5ac857140e7dc3a0c48fb28b2f10762fc4b5069f,https://static.crates.io/crates/clap_builder/clap_builder-4.6.0.crate
clap_lex,1.1.0,clap_lex-1.1.0.crate,13470,c8d4a3bb8b1e0c1050499d1815f5ab16d04f0959b233085fb31653fbfc9d98f9,https://static.crates.io/crates/clap_lex/clap_lex-1.1.0.crate
crc,3.4.0,crc-3.4.0.crate,13941,5eb8a2a1cd12ab0d987a5d5e825195d372001a4094a0376319d5a0ad71c1ba0d,https://static.crates.io/crates/crc/crc-3.4.0.crate
crc-catalog,2.5.0,crc-catalog-2.5.0.crate,18057,217698eaf96b4a3f0bc4f3662aaa55bdf913cd54d7204591faa790070c6d0853,https://static.crates.io/crates/crc-catalog/crc-catalog-2.5.0.crate
criterion,0.8.2,criterion-0.8.2.crate,122924,950046b2aa2492f9a536f5f4f9a3de7b9e2476e575e05bd6c333371add4d98f3,https://static.crates.io/crates/criterion/criterion-0.8.2.crate
criterion-plot,0.8.2,criterion-plot-0.8.2.crate,24800,d8d80a2f4f5b554395e47b5d8305bc3d27813bacb73493eb1001e8f76dae29ea,https://static.crates.io/crates/criterion-plot/criterion-plot-0.8.2.crate
crossbeam-deque,0.8.6,crossbeam-deque-0.8.6.crate,22471,9dd111b7b7f7d55b72c0a6ae361660ee5853c9af73f70c3c2ef6858b950e2e51,https://static.crates.io/crates/crossbeam-deque/crossbeam-deque-0.8.6.crate
crossbeam-epoch,0.9.18,crossbeam-epoch-0.9.18.crate,46875,5b82ac4a3c2ca9c3460964f020e1402edd5753411d7737aa39c3714ad1b5420e,https://static.crates.io/crates/crossbeam-epoch/crossbeam-epoch-0.9.18.crate
crossbeam-utils,0.8.21,crossbeam-utils-0.8.21.crate,42691,d0a5c400df2834b80a4c3327b3aad3a4c4cd4de0629063962b03235697506a28,https://static.crates.io/crates/crossbeam-utils/crossbeam-utils-0.8.21.crate
crunchy,0.2.4,crunchy-0.2.4.crate,3887,460fbee9c2c2f33933d720630a6a0bac33ba7053db5344fac858d4b8952d77d5,https://static.crates.io/crates/crunchy/crunchy-0.2.4.crate
either,1.15.0,either-1.15.0.crate,20114,48c757948c5ede0e46177b7add2e67155f70e33c07fea8284df6576da70b3719,https://static.crates.io/crates/either/either-1.15.0.crate
equivalent,1.0.2,equivalent-1.0.2.crate,7419,877a4ace8713b0bcf2a4e7eec82529c029f1d0619886d18145fea96c3ffe5c0f,https://static.crates.io/crates/equivalent/equivalent-1.0.2.crate
find-msvc-tools,0.1.9,find-msvc-tools-0.1.9.crate,31493,5baebc0774151f905a1a2cc41989300b1e6fbb29aff0ceffa1064fdd3088d582,https://static.crates.io/crates/find-msvc-tools/find-msvc-tools-0.1.9.crate
funty,2.0.0,funty-2.0.0.crate,13160,e6d5a32815ae3f33302d95fdcb2ce17862f8c65363dcfd29360480ba1001fc9c,https://static.crates.io/crates/funty/funty-2.0.0.crate
futures-core,0.3.32,futures-core-0.3.32.crate,14684,7e3450815272ef58cec6d564423f6e755e25379b217b0bc688e295ba24df6b1d,https://static.crates.io/crates/futures-core/futures-core-0.3.32.crate
futures-task,0.3.32,futures-task-0.3.32.crate,11377,037711b3d59c33004d3856fbdc83b99d4ff37a24768fa1be9ce3538a1cde4393,https://static.crates.io/crates/futures-task/futures-task-0.3.32.crate
futures-util,0.3.32,futures-util-0.3.32.crate,168797,389ca41296e6190b48053de0321d02a77f32f8a5d2461dd38762c0593805c6d6,https://static.crates.io/crates/futures-util/futures-util-0.3.32.crate
half,2.7.1,half-2.7.1.crate,61040,6ea2d84b969582b4b1864a92dc5d27cd2b77b622a8d79306834f1be5ba20d84b,https://static.crates.io/crates/half/half-2.7.1.crate
hashbrown,0.17.1,hashbrown-0.17.1.crate,155512,ed5909b6e89a2db4456e54cd5f673791d7eca6732202bbf2a9cc504fe2f9b84a,https://static.crates.io/crates/hashbrown/hashbrown-0.17.1.crate
indexmap,2.14.0,indexmap-2.14.0.crate,104085,d466e9454f08e4a911e14806c24e16fba1b4c121d1ea474396f396069cf949d9,https://static.crates.io/crates/indexmap/indexmap-2.14.0.crate
itertools,0.13.0,itertools-0.13.0.crate,146261,413ee7dfc52ee1a4949ceeb7dbc8a33f2d6c088194d9f922fb8318faf1f01186,https://static.crates.io/crates/itertools/itertools-0.13.0.crate
itoa,1.0.18,itoa-1.0.18.crate,15935,8f42a60cbdf9a97f5d2305f08a87dc4e09308d1276d28c869c684d7777685682,https://static.crates.io/crates/itoa/itoa-1.0.18.crate
js-sys,0.3.98,js-sys-0.3.98.crate,108519,67df7112613f8bfd9150013a0314e196f4800d3201ae742489d999db2f979f08,https://static.crates.io/crates/js-sys/js-sys-0.3.98.crate
libc,0.2.186,libc-0.2.186.crate,821883,68ab91017fe16c622486840e4c83c9a37afeff978bd239b5293d61ece587de66,https://static.crates.io/crates/libc/libc-0.2.186.crate
memchr,2.8.0,memchr-2.8.0.crate,97780,f8ca58f447f06ed17d5fc4043ce1b10dd205e060fb3ce5b979b8ed8e59ff3f79,https://static.crates.io/crates/memchr/memchr-2.8.0.crate
no_std_io2,0.9.4,no_std_io2-0.9.4.crate,37503,418abd1b6d34fbf6cae440dc874771b0525a604428704c76e48b29a5e67b8003,https://static.crates.io/crates/no_std_io2/no_std_io2-0.9.4.crate
num-traits,0.2.19,num-traits-0.2.19.crate,51631,071dfc062690e90b734c0b2273ce72ad0ffa95f0c74596bc250dcfd960262841,https://static.crates.io/crates/num-traits/num-traits-0.2.19.crate
once_cell,1.21.4,once_cell-1.21.4.crate,35010,9f7c3e4beb33f85d45ae3e3a1792185706c8e16d043238c593331cc7cd313b50,https://static.crates.io/crates/once_cell/once_cell-1.21.4.crate
oorandom,11.1.5,oorandom-11.1.5.crate,23750,d6790f58c7ff633d8771f42965289203411a5e5c68388703c06e14f24770b41e,https://static.crates.io/crates/oorandom/oorandom-11.1.5.crate
page_size,0.6.0,page_size-0.6.0.crate,8479,30d5b2194ed13191c1999ae0704b7839fb18384fa22e49b57eeaa97d79ce40da,https://static.crates.io/crates/page_size/page_size-0.6.0.crate
pin-project-lite,0.2.17,pin-project-lite-0.2.17.crate,31034,a89322df9ebe1c1578d689c92318e070967d1042b512afbe49518723f4e6d5cd,https://static.crates.io/crates/pin-project-lite/pin-project-lite-0.2.17.crate
plotters,0.3.7,plotters-0.3.7.crate,149031,5aeb6f403d7a4911efb1e33402027fc44f29b5bf6def3effcc22d7bb75f2b747,https://static.crates.io/crates/plotters/plotters-0.3.7.crate
plotters-backend,0.3.7,plotters-backend-0.3.7.crate,13709,df42e13c12958a16b3f7f4386b9ab1f3e7933914ecea48da7139435263a4172a,https://static.crates.io/crates/plotters-backend/plotters-backend-0.3.7.crate
plotters-svg,0.3.7,plotters-svg-0.3.7.crate,6715,51bae2ac328883f7acdfea3d66a7c35751187f870bc81f94563733a154d7a670,https://static.crates.io/crates/plotters-svg/plotters-svg-0.3.7.crate
proc-macro2,1.0.106,proc-macro2-1.0.106.crate,59765,8fd00f0bb2e90d81d1044c2b32617f68fcb9fa3bb7640c23e9c748e53fb30934,https://static.crates.io/crates/proc-macro2/proc-macro2-1.0.106.crate
quote,1.0.45,quote-1.0.45.crate,31564,41f2619966050689382d2b44f664f4bc593e129785a36d6ee376ddf37259b924,https://static.crates.io/crates/quote/quote-1.0.45.crate
radium,0.7.0,radium-0.7.0.crate,10906,dc33ff2d4973d518d823d61aa239014831e521c75da58e3df4840d3f47749d09,https://static.crates.io/crates/radium/radium-0.7.0.crate
rayon,1.12.0,rayon-1.12.0.crate,183391,fb39b166781f92d482534ef4b4b1b2568f42613b53e5b6c160e24cfbfa30926d,https://static.crates.io/crates/rayon/rayon-1.12.0.crate
rayon-core,1.13.0,rayon-core-1.13.0.crate,73151,22e18b0f0062d30d4230b2e85ff77fdfe4326feb054b9783a3460d8435c8ab91,https://static.crates.io/crates/rayon-core/rayon-core-1.13.0.crate
regex,1.12.3,regex-1.12.3.crate,153392,e10754a14b9137dd7b1e3e5b0493cc9171fdd105e0ab477f51b72e7f3ac0e276,https://static.crates.io/crates/regex/regex-1.12.3.crate
regex-automata,0.4.14,regex-automata-0.4.14.crate,618012,6e1dd4122fc1595e8162618945476892eefca7b88c52820e74af6262213cae8f,https://static.crates.io/crates/regex-automata/regex-automata-0.4.14.crate
regex-syntax,0.8.10,regex-syntax-0.8.10.crate,358781,dc897dd8d9e8bd1ed8cdad82b5966c3e0ecae09fb1907d58efaa013543185d0a,https://static.crates.io/crates/regex-syntax/regex-syntax-0.8.10.crate
roxmltree,0.21.1,roxmltree-0.21.1.crate,56837,f1964b10c76125c36f8afe190065a4bf9a87bf324842c05701330bba9f1cacbb,https://static.crates.io/crates/roxmltree/roxmltree-0.21.1.crate
rustversion,1.0.22,rustversion-1.0.22.crate,21096,b39cdef0fa800fc44525c84ccb54a029961a8215f9619753635a9c0d2538d46d,https://static.crates.io/crates/rustversion/rustversion-1.0.22.crate
same-file,1.0.6,same-file-1.0.6.crate,10183,93fc1dc3aaa9bfed95e02e6eadabb4baf7e3078b0bd1b4d7b6b0b68378900502,https://static.crates.io/crates/same-file/same-file-1.0.6.crate
serde,1.0.228,serde-1.0.228.crate,83652,9a8e94ea7f378bd32cbbd37198a4a91436180c5bb472411e48b5ec2e2124ae9e,https://static.crates.io/crates/serde/serde-1.0.228.crate
serde_core,1.0.228,serde_core-1.0.228.crate,63111,41d385c7d4ca58e59fc732af25c3983b67ac852c1a25000afe1175de458b67ad,https://static.crates.io/crates/serde_core/serde_core-1.0.228.crate
serde_derive,1.0.228,serde_derive-1.0.228.crate,59605,d540f220d3187173da220f885ab66608367b6574e925011a9353e4badda91d79,https://static.crates.io/crates/serde_derive/serde_derive-1.0.228.crate
serde_json,1.0.149,serde_json-1.0.149.crate,155994,83fc039473c5595ace860d8c4fafa220ff474b3fc6bfdb4293327f1a37e94d86,https://static.crates.io/crates/serde_json/serde_json-1.0.149.crate
shlex,1.3.0,shlex-1.3.0.crate,18713,0fda2ff0d084019ba4d7c6f371c95d8fd75ce3524c3cb8fb653a3023f6323e64,https://static.crates.io/crates/shlex/shlex-1.3.0.crate
slab,0.4.12,slab-0.4.12.crate,19080,0c790de23124f9ab44544d7ac05d60440adc586479ce501c1d6d7da3cd8c9cf5,https://static.crates.io/crates/slab/slab-0.4.12.crate
syn,2.0.117,syn-2.0.117.crate,306011,e665b8803e7b1d2a727f4023456bbbbe74da67099c585258af0ad9c5013b9b99,https://static.crates.io/crates/syn/syn-2.0.117.crate
tap,1.0.1,tap-1.0.1.crate,11316,55937e1799185b12863d447f42597ed69d9928686b8d88a1df17376a097d8369,https://static.crates.io/crates/tap/tap-1.0.1.crate
tinytemplate,1.2.1,tinytemplate-1.2.1.crate,26490,be4d6b5f19ff7664e8c98d03e2139cb510db9b0a60b55f8e8709b689d939b6bc,https://static.crates.io/crates/tinytemplate/tinytemplate-1.2.1.crate
tinyvec,1.11.0,tinyvec-1.11.0.crate,53096,3e61e67053d25a4e82c844e8424039d9745781b3fc4f32b8d55ed50f5f667ef3,https://static.crates.io/crates/tinyvec/tinyvec-1.11.0.crate
unicode-ident,1.0.24,unicode-ident-1.0.24.crate,49298,e6e4313cd5fcd3dad5cafa179702e2b244f760991f45397d14d4ebf38247da75,https://static.crates.io/crates/unicode-ident/unicode-ident-1.0.24.crate
walkdir,2.5.0,walkdir-2.5.0.crate,23951,29790946404f91d9c5d06f9874efddea1dc06c5efe94541a7d6863108e3a5e4b,https://static.crates.io/crates/walkdir/walkdir-2.5.0.crate
wasm-bindgen,0.2.121,wasm-bindgen-0.2.121.crate,65838,49ace1d07c165b0864824eee619580c4689389afa9dc9ed3a4c75040d82e6790,https://static.crates.io/crates/wasm-bindgen/wasm-bindgen-0.2.121.crate
wasm-bindgen-macro,0.2.121,wasm-bindgen-macro-0.2.121.crate,9294,8e68e6f4afd367a562002c05637acb8578ff2dea1943df76afb9e83d177c8578,https://static.crates.io/crates/wasm-bindgen-macro/wasm-bindgen-macro-0.2.121.crate
wasm-bindgen-macro-support,0.2.121,wasm-bindgen-macro-support-0.2.121.crate,79901,d95a9ec35c64b2a7cb35d3fead40c4238d0940c86d107136999567a4703259f2,https://static.crates.io/crates/wasm-bindgen-macro-support/wasm-bindgen-macro-support-0.2.121.crate
wasm-bindgen-shared,0.2.121,wasm-bindgen-shared-0.2.121.crate,11270,c4e0100b01e9f0d03189a92b96772a1fb998639d981193d7dbab487302513441,https://static.crates.io/crates/wasm-bindgen-shared/wasm-bindgen-shared-0.2.121.crate
web-sys,0.3.98,web-sys-0.3.98.crate,675508,4b572dff8bcf38bad0fa19729c89bb5748b2b9b1d8be70cf90df697e3a8f32aa,https://static.crates.io/crates/web-sys/web-sys-0.3.98.crate
winapi,0.3.9,winapi-0.3.9.crate,1200382,5c839a674fcd7a98952e593242ea400abe93992746761e38641405d28b00f419,https://static.crates.io/crates/winapi/winapi-0.3.9.crate
winapi-i686-pc-windows-gnu,0.4.0,winapi-i686-pc-windows-gnu-0.4.0.crate,2918815,ac3b87c63620426dd9b991e5ce0329eff545bccbbb34f3be09ff6fb6ab51b7b6,https://static.crates.io/crates/winapi-i686-pc-windows-gnu/winapi-i686-pc-windows-gnu-0.4.0.crate
winapi-util,0.1.11,winapi-util-0.1.11.crate,13368,c2a7b1c03c876122aa43f3020e6c3c3ee5c05081c9a00739faf7503aeba10d22,https://static.crates.io/crates/winapi-util/winapi-util-0.1.11.crate
winapi-x86_64-pc-windows-gnu,0.4.0,winapi-x86_64-pc-windows-gnu-0.4.0.crate,2947998,712e227841d057c1ee1cd2fb22fa7e5a5461ae8e48fa2ca79ec42cfc1931183f,https://static.crates.io/crates/winapi-x86_64-pc-windows-gnu/winapi-x86_64-pc-windows-gnu-0.4.0.crate
windows-link,0.2.1,windows-link-0.2.1.crate,6133,f0805222e57f7521d6a62e36fa9163bc891acd422f971defe97d64e70d0a4fe5,https://static.crates.io/crates/windows-link/windows-link-0.2.1.crate
windows-sys,0.61.2,windows-sys-0.61.2.crate,2517186,ae137229bcbd6cdf0f7b80a31df61766145077ddf49416a728b02cb3921ff3fc,https://static.crates.io/crates/windows-sys/windows-sys-0.61.2.crate
wyz,0.5.1,wyz-0.5.1.crate,18790,05f360fc0b24296329c78fda852a1e9ae82de9cf7b27dae4b7f62f118f77b9ed,https://static.crates.io/crates/wyz/wyz-0.5.1.crate
zerocopy,0.8.48,zerocopy-0.8.48.crate,287554,eed437bf9d6692032087e337407a86f04cd8d6a16a37199ed57949d415bd68e9,https://static.crates.io/crates/zerocopy/zerocopy-0.8.48.crate
zerocopy-derive,0.8.48,zerocopy-derive-0.8.48.crate,97646,70e3cd084b1788766f53af483dd21f93881ff30d7320490ec3ef7526d203bad4,https://static.crates.io/crates/zerocopy-derive/zerocopy-derive-0.8.48.crate
zmij,1.0.21,zmij-1.0.21.crate,26665,b8848ee67ecc8aedbaf3e4122217aff892639231befc6a1b58d29fff4c2cabaa,https://static.crates.io/crates/zmij/zmij-1.0.21.crate
