Crate,Version,LicenseExpression,LicenseFileField,LicenseFiles
aho-corasick,1.1.4,Unlicense OR MIT,,COPYING; LICENSE-MIT
alloca,0.4.0,MIT,,LICENSE
anes,0.1.6,MIT OR Apache-2.0,,
anstyle,1.0.14,MIT OR Apache-2.0,,LICENSE-APACHE; LICENSE-MIT
anyhow,1.0.102,MIT OR Apache-2.0,,LICENSE-APACHE; LICENSE-MIT
autocfg,1.5.0,Apache-2.0 OR MIT,,LICENSE-APACHE; LICENSE-MIT
bitstream-io,4.10.0,MIT/Apache-2.0,,LICENSE-APACHE; LICENSE-MIT
bitvec,1.0.1,MIT,,LICENSE.txt
bitvec_helpers,4.0.2,MIT,,LICENSE
bumpalo,3.20.2,MIT OR Apache-2.0,,LICENSE-APACHE; LICENSE-MIT
cast,0.3.0,MIT OR Apache-2.0,,LICENSE-APACHE; LICENSE-MIT
cc,1.2.62,MIT OR Apache-2.0,,LICENSE-APACHE; LICENSE-MIT
cfg-if,1.0.4,MIT OR Apache-2.0,,LICENSE-APACHE; LICENSE-MIT
ciborium,0.2.2,Apache-2.0,,LICENSE
ciborium-io,0.2.2,Apache-2.0,,LICENSE
ciborium-ll,0.2.2,Apache-2.0,,LICENSE
clap,4.6.1,MIT OR Apache-2.0,,LICENSE-APACHE; LICENSE-MIT
clap_builder,4.6.0,MIT OR Apache-2.0,,LICENSE-APACHE; LICENSE-MIT
clap_lex,1.1.0,MIT OR Apache-2.0,,LICENSE-APACHE; LICENSE-MIT
crc,3.4.0,MIT OR Apache-2.0,,LICENSE-APACHE; LICENSE-MIT
crc-catalog,2.5.0,MIT OR Apache-2.0,,
criterion,0.8.2,Apache-2.0 OR MIT,,LICENSE-APACHE; LICENSE-MIT
criterion-plot,0.8.2,Apache-2.0 OR MIT,,LICENSE-APACHE; LICENSE-MIT
crossbeam-deque,0.8.6,MIT OR Apache-2.0,,LICENSE-APACHE; LICENSE-MIT
crossbeam-epoch,0.9.18,MIT OR Apache-2.0,,LICENSE-APACHE; LICENSE-MIT
crossbeam-utils,0.8.21,MIT OR Apache-2.0,,LICENSE-APACHE; LICENSE-MIT
crunchy,0.2.4,MIT,,LICENSE
either,1.15.0,MIT OR Apache-2.0,,LICENSE-APACHE; LICENSE-MIT
equivalent,1.0.2,Apache-2.0 OR MIT,,LICENSE-APACHE; LICENSE-MIT
find-msvc-tools,0.1.9,MIT OR Apache-2.0,,LICENSE-APACHE; LICENSE-MIT
funty,2.0.0,MIT,,LICENSE.txt
futures-core,0.3.32,MIT OR Apache-2.0,,LICENSE-APACHE; LICENSE-MIT
futures-task,0.3.32,MIT OR Apache-2.0,,LICENSE-APACHE; LICENSE-MIT
futures-util,0.3.32,MIT OR Apache-2.0,,LICENSE-APACHE; LICENSE-MIT
half,2.7.1,MIT OR Apache-2.0,,LICENSE-APACHE; LICENSE-MIT
hashbrown,0.17.1,MIT OR Apache-2.0,,LICENSE-APACHE; LICENSE-MIT
indexmap,2.14.0,Apache-2.0 OR MIT,,LICENSE-APACHE; LICENSE-MIT
itertools,0.13.0,MIT OR Apache-2.0,,LICENSE-APACHE; LICENSE-MIT
itoa,1.0.18,MIT OR Apache-2.0,,LICENSE-APACHE; LICENSE-MIT
js-sys,0.3.98,MIT OR Apache-2.0,,LICENSE-APACHE; LICENSE-MIT
libc,0.2.186,MIT OR Apache-2.0,,LICENSE-APACHE; LICENSE-MIT
memchr,2.8.0,Unlicense OR MIT,,COPYING; LICENSE-MIT
no_std_io2,0.9.4,Apache-2.0 OR MIT,,LICENSE-APACHE; LICENSE-MIT
num-traits,0.2.19,MIT OR Apache-2.0,,LICENSE-APACHE; LICENSE-MIT
once_cell,1.21.4,MIT OR Apache-2.0,,LICENSE-APACHE; LICENSE-MIT
oorandom,11.1.5,MIT,,LICENSE-MIT
page_size,0.6.0,MIT/Apache-2.0,,LICENSE-APACHE; LICENSE-MIT
pin-project-lite,0.2.17,Apache-2.0 OR MIT,,LICENSE-APACHE; LICENSE-MIT
plotters,0.3.7,MIT,,LICENSE
plotters-backend,0.3.7,MIT,,LICENSE
plotters-svg,0.3.7,MIT,,LICENSE
proc-macro2,1.0.106,MIT OR Apache-2.0,,LICENSE-APACHE; LICENSE-MIT
quote,1.0.45,MIT OR Apache-2.0,,LICENSE-APACHE; LICENSE-MIT
radium,0.7.0,MIT,,LICENSE.txt
rayon,1.12.0,MIT OR Apache-2.0,,LICENSE-APACHE; LICENSE-MIT
rayon-core,1.13.0,MIT OR Apache-2.0,,LICENSE-APACHE; LICENSE-MIT
regex,1.12.3,MIT OR Apache-2.0,,LICENSE-APACHE; LICENSE-MIT
regex-automata,0.4.14,MIT OR Apache-2.0,,LICENSE-APACHE; LICENSE-MIT
regex-syntax,0.8.10,MIT OR Apache-2.0,,LICENSE-APACHE; LICENSE-MIT; src\unicode_tables\LICENSE-UNICODE
roxmltree,0.21.1,MIT OR Apache-2.0,,LICENSE-APACHE; LICENSE-MIT
rustversion,1.0.22,MIT OR Apache-2.0,,LICENSE-APACHE; LICENSE-MIT
same-file,1.0.6,Unlicense/MIT,,COPYING; LICENSE-MIT
serde,1.0.228,MIT OR Apache-2.0,,LICENSE-APACHE; LICENSE-MIT
serde_core,1.0.228,MIT OR Apache-2.0,,LICENSE-APACHE; LICENSE-MIT
serde_derive,1.0.228,MIT OR Apache-2.0,,LICENSE-APACHE; LICENSE-MIT
serde_json,1.0.149,MIT OR Apache-2.0,,LICENSE-APACHE; LICENSE-MIT
shlex,1.3.0,MIT OR Apache-2.0,,LICENSE-APACHE; LICENSE-MIT
slab,0.4.12,MIT,,LICENSE
syn,2.0.117,MIT OR Apache-2.0,,LICENSE-APACHE; LICENSE-MIT
tap,1.0.1,MIT,,LICENSE.txt
tinytemplate,1.2.1,Apache-2.0 OR MIT,,LICENSE-APACHE; LICENSE-MIT
tinyvec,1.11.0,Zlib OR Apache-2.0 OR MIT,,LICENSE-APACHE.md; LICENSE-MIT.md; LICENSE-ZLIB.md
unicode-ident,1.0.24,(MIT OR Apache-2.0) AND Unicode-3.0,,LICENSE-APACHE; LICENSE-MIT; LICENSE-UNICODE
walkdir,2.5.0,Unlicense/MIT,,COPYING; LICENSE-MIT
wasm-bindgen,0.2.121,MIT OR Apache-2.0,,LICENSE-APACHE; LICENSE-MIT
wasm-bindgen-macro,0.2.121,MIT OR Apache-2.0,,LICENSE-APACHE; LICENSE-MIT
wasm-bindgen-macro-support,0.2.121,MIT OR Apache-2.0,,LICENSE-APACHE; LICENSE-MIT
wasm-bindgen-shared,0.2.121,MIT OR Apache-2.0,,LICENSE-APACHE; LICENSE-MIT
web-sys,0.3.98,MIT OR Apache-2.0,,LICENSE-APACHE; LICENSE-MIT
winapi,0.3.9,MIT/Apache-2.0,,LICENSE-APACHE; LICENSE-MIT
winapi-i686-pc-windows-gnu,0.4.0,MIT/Apache-2.0,,
winapi-util,0.1.11,Unlicense OR MIT,,COPYING; LICENSE-MIT
winapi-x86_64-pc-windows-gnu,0.4.0,MIT/Apache-2.0,,
windows-link,0.2.1,MIT OR Apache-2.0,,license-apache-2.0; license-mit
windows-sys,0.61.2,MIT OR Apache-2.0,,license-apache-2.0; license-mit
wyz,0.5.1,MIT,,LICENSE.txt
zerocopy,0.8.48,BSD-2-Clause OR Apache-2.0 OR MIT,,LICENSE-APACHE; LICENSE-BSD; LICENSE-MIT
zerocopy-derive,0.8.48,BSD-2-Clause OR Apache-2.0 OR MIT,,LICENSE-APACHE; LICENSE-BSD; LICENSE-MIT
zmij,1.0.21,MIT,,LICENSE-MIT
